,PERIODO,IREG,UHE,RHS,PIVARM,PIAFL(1),PIAFL(2),PIAFL(3),PIAFL(4),PIAFL(5),PIAFL(6),PIAFL(7),PIAFL(8),PIAFL(9),PIAFL(10),PIAFL(11),PIAFL(12),PIGTAD(P1L1),PIGTAD(P1L2),PIGTAD(P2L1),PIGTAD(P2L2),PIGTAD(P3L1),PIGTAD(P3L2),PIMX_SAR,PIMX_VMN
0,6,1140000,87,1013508459.4247,-334.90158,-181.24009,-177.31159,-130.86468,-95.76257,-82.13028,-97.99815,-84.84417,-72.96372,0.0,0.0,0.0,0.0,-326.82034,-329.75844,-315.34872,-320.04575,-313.594,-315.32679,0.0,0.0
1,6,1140000,29,0.0,-886.16959,-5865.42496,886.58448,-1986.95263,-456.18878,-368.57922,-214.28433,-84.22416,-49.305,-97.58158,-197.12192,-170.88699,-95.73652,-326.8206,-329.75864,-322.55925,-320.11375,-313.59422,-315.32692,0.0,0.0
2,6,1140000,4,0.0,-936.9578,-5367.67275,-751.19257,95.48968,-258.57576,-190.91181,-189.95146,-122.67124,-117.20691,-128.8805,-55.26329,-42.60809,-17.08243,0.0,0.0,0.0,0.0,0.0,0.0,0.0,0.0
3,6,1140000,66,0.0,-124.80358,-2767.09904,-933.93102,-867.05213,-594.69141,-488.66262,-439.28559,-399.72645,-349.63037,-286.06647,-188.88559,-185.05485,-75.08448,0.0,0.0,0.0,0.0,0.0,0.0,0.0,0.0
4,6,1140000,28,0.0,-930.29572,-5279.82079,-2035.21801,158.54204,-38.67597,-33.27583,-342.61093,-242.0037,-273.84312,-151.75494,-147.46585,-75.45367,-13.28403,0.0,0.0,0.0,0.0,0.0,0.0,0.0,0.0
5,6,1140000,20,0.0,-909.66177,-5078.57439,-3190.19156,-734.15689,-694.51456,-497.10805,-624.27501,-62.97446,-20.76987,-110.17833,-70.89224,-82.09874,-38.41568,0.0,0.0,0.0,0.0,0.0,0.0,0.0,0.0
6,6,1140000,204,0.0,-33.58941,-102.89674,4.93515,-5.92345,10.73369,-2.5101,-2.43118,-2.5899,-1.97229,0.03819,-0.09967,-1.51908,0.05671,-318.86063,-323.27656,-315.34826,-318.863,-313.59368,-315.32652,0.0,0.0
7,6,1140000,21,0.0,-878.43224,-3732.07497,-1880.7545,-261.2586,-406.22039,-493.21512,-577.04876,-60.14186,-26.21552,-56.53527,28.33122,6.37727,42.11232,0.0,0.0,0.0,0.0,0.0,0.0,0.0,0.0
8,6,1140000,11,0.0,-613.47363,-2656.94631,174.15486,-299.37933,-96.31819,-113.51786,-65.44686,-4.37814,-22.11541,9.42855,-23.81341,-38.39911,-19.73924,0.0,0.0,0.0,0.0,0.0,0.0,0.0,0.0
9,6,1140000,27,0.0,-994.6406,-5837.85133,-8649.07107,674.25618,-598.07195,-41.53399,-679.77058,-464.89927,-338.60271,-145.71569,-146.7165,-74.66876,11.39139,0.0,0.0,0.0,0.0,0.0,0.0,0.0,0.0
10,6,1140000,134,0.0,-227.97095,-995.46354,-43.04202,-229.81621,-44.72098,-36.26611,-29.67933,-20.11892,-12.47156,-23.87038,-22.85806,-23.06193,-19.87087,0.0,0.0,0.0,0.0,0.0,0.0,0.0,0.0
11,6,1140000,195,0.0,-113.19893,-305.90121,-311.48424,-283.2979,-214.23267,-206.1033,-102.13532,-70.6712,-37.31682,-18.46602,-4.5777,-1.62929,-1.93792,0.0,0.0,0.0,0.0,0.0,0.0,0.0,0.0
12,6,1140000,131,0.0,-313.72094,-1076.60817,-284.18466,-124.12547,-90.6209,-25.45135,-67.91777,-51.04044,-38.05181,-30.70364,-23.33247,-24.59527,-12.31008,0.0,0.0,0.0,0.0,0.0,0.0,0.0,0.0
13,6,1140000,132,0.0,-345.58577,-252.84926,-225.45498,-254.4317,-88.67597,-88.79803,-76.46112,-53.55575,-27.66552,0.0,0.0,0.0,0.0,0.0,0.0,0.0,0.0,0.0,0.0,0.0,0.0
14,6,1140000,141,0.0,-74.63872,-377.68329,34.06658,-124.79087,37.33563,-18.34809,-15.6847,-14.13685,-10.67732,-10.13958,-7.72015,-6.95373,-3.83985,0.0,0.0,0.0,0.0,0.0,0.0,0.0,0.0
15,6,1140000,114,0.0,-34.40107,-25.6063,-2.8616,-22.30476,-2.48333,-1.26351,-1.3529,-2.24333,-0.43166,-2.47107,-2.37772,-1.29564,-2.64809,0.0,0.0,0.0,0.0,0.0,0.0,0.0,0.0
16,6,1140000,153,0.0,-295.73589,-1036.34718,-1129.50232,-211.27816,-177.91418,-131.87171,-112.55981,-87.39805,-113.21054,-66.43947,-41.94733,-33.14991,-30.62288,0.0,0.0,0.0,0.0,0.0,0.0,0.0,0.0
17,6,1140000,155,0.0,-575.91896,-2864.45144,-841.36568,-173.58953,-120.60912,-83.91561,-80.80077,-25.85949,-88.05002,-88.22556,-67.64388,-47.17387,-41.2569,0.0,0.0,0.0,0.0,0.0,0.0,0.0,0.0
18,6,1140000,156,0.0,-418.60653,-1395.99236,-536.32321,-146.28752,-75.50084,-55.4226,-51.04406,-31.72077,-16.70887,-59.40736,-34.55525,-20.75236,-10.39855,0.0,0.0,0.0,0.0,0.0,0.0,0.0,0.0
19,6,1140000,189,0.0,-276.48334,-422.86159,-2.70832,-76.84799,3.42269,-23.90068,-23.81824,-24.20226,-22.33268,-22.4857,-17.17675,-15.18876,-9.5384,0.0,0.0,0.0,0.0,0.0,0.0,0.0,0.0
20,6,1140000,257,0.0,-169.55542,-1689.24513,179.97274,71.46147,-26.17491,-24.73034,1.79279,-10.40338,-12.14237,-11.60675,-9.37721,-7.61802,-8.48584,0.0,0.0,0.0,0.0,0.0,0.0,0.0,0.0
21,6,1140000,196,0.0,-224.87845,-1059.7728,-447.31544,-243.24434,-111.70944,-116.86479,-130.37861,-114.89707,-92.09653,-56.40671,-41.4242,-43.96134,-23.70812,0.0,0.0,0.0,0.0,0.0,0.0,0.0,0.0
22,6,1140000,162,0.0,-540.84467,-2068.05415,178.10145,-673.56991,-884.4052,-274.21315,-216.14869,-100.82438,-203.15356,-215.64813,-188.45641,-162.10107,-105.07988,0.0,0.0,0.0,0.0,0.0,0.0,0.0,0.0
23,6,1140000,287,0.0,-16.37706,-47.18089,11.86698,-14.67003,-5.12489,-3.83247,-4.31045,-1.00659,-1.30006,-1.16403,-1.00524,-0.50673,-0.23933,0.0,0.0,0.0,0.0,0.0,0.0,0.0,0.0
24,6,1140000,203,0.0,-760.21392,-5380.61275,-932.58567,-644.53782,-140.19212,-406.42454,-306.69633,-141.1572,-101.69806,-139.71984,-229.84347,-184.98677,-119.07166,0.0,0.0,0.0,0.0,0.0,0.0,0.0,0.0
25,6,1140000,230,0.0,-29.28219,-344.39788,126.77984,-26.17212,-5.21346,-24.94357,0.51805,-0.17273,0.45451,-1.73047,-0.8806,-0.34185,-1.7397,0.0,0.0,0.0,0.0,0.0,0.0,0.0,0.0
26,6,1140000,227,0.0,-147.82519,-1044.04056,257.29255,-79.90366,-51.1156,-48.11141,-29.43958,-22.31957,-22.48062,-21.65162,-17.17917,-17.1628,-18.31246,0.0,0.0,0.0,0.0,0.0,0.0,0.0,0.0
27,6,1140000,262,0.0,-535.08537,-1915.1258,-1226.58176,-377.99961,-302.01455,-281.61689,-229.08361,-161.53836,-184.93319,-181.79237,-160.51616,-136.62731,-44.94665,0.0,0.0,0.0,0.0,0.0,0.0,0.0,0.0
28,6,1140000,228,0.0,-116.29835,-450.82822,135.96296,-53.02595,-27.48061,-26.18023,-20.4108,-16.71959,-16.37584,-14.71973,-9.0237,-7.31817,-7.72097,0.0,0.0,0.0,0.0,0.0,0.0,0.0,0.0
29,6,1140000,229,0.0,-91.80399,-476.51439,69.12835,-35.52599,-13.23743,-20.75873,-1.84673,0.05286,-0.07791,-1.73329,-0.07505,-2.15656,-4.20199,0.0,0.0,0.0,0.0,0.0,0.0,0.0,0.0
30,6,1140000,241,0.0,-479.85807,-769.90509,-1373.49631,-284.54541,-332.30771,-132.11412,-264.10852,-191.90285,-258.42499,-245.28359,-209.67398,-159.85322,-42.68614,0.0,0.0,0.0,0.0,0.0,0.0,0.0,0.0
31,6,1140000,249,0.0,-266.26994,-246.83388,-57.97851,-56.60364,-39.4571,-61.86415,-55.59918,-38.97234,-47.3844,-54.89402,-43.13489,-24.12712,-12.13808,0.0,0.0,0.0,0.0,0.0,0.0,0.0,0.0
32,6,1140000,251,0.0,-380.07437,-2716.82805,211.05207,-538.60398,-92.48712,-68.0238,-43.46374,19.87638,7.3772,-5.35696,-25.21302,-3.41201,-8.38034,0.0,0.0,0.0,0.0,0.0,0.0,0.0,0.0
33,6,1140000,252,0.0,-238.71176,-1999.09575,120.49152,-6.25631,21.40067,-49.28517,-41.71672,-25.77689,-23.60573,-21.74231,-17.75915,-11.44509,-11.49186,0.0,0.0,0.0,0.0,0.0,0.0,0.0,0.0
34,6,1140000,253,0.0,-193.49671,-631.10396,-61.32852,17.58144,-24.10715,-29.12811,-28.15754,-20.28511,-24.74546,-10.48706,-6.14676,-1.00314,-2.2455,0.0,0.0,0.0,0.0,0.0,0.0,0.0,0.0
35,6,1140000,260,0.0,-535.0853,-1788.66259,-1155.25634,-349.26886,-283.76101,-265.82448,-217.46346,-155.52457,-181.24072,-177.15885,-156.90015,-139.10352,-51.87024,0.0,0.0,0.0,0.0,0.0,0.0,0.0,0.0
36,6,1140000,261,0.0,-139.12743,-762.24414,46.91417,41.06663,-1.08944,-11.70394,-0.98402,-1.9533,-3.17898,-2.2163,-2.58117,-2.41923,-3.24163,0.0,0.0,0.0,0.0,0.0,0.0,0.0,0.0
37,6,1140000,276,0.0,-64.94649,-390.5755,-91.35458,-77.34075,-34.53914,-17.43055,-13.71688,-11.08639,-3.46723,-6.17203,-4.49234,-11.029,-15.63118,0.0,0.0,0.0,0.0,0.0,0.0,0.0,0.0
38,6,1140000,281,0.0,-263.74013,-1724.38249,-396.2787,-374.90019,-354.07885,-300.01391,-270.49632,-214.89671,-174.13026,-152.05965,-121.97526,-97.5836,-47.31359,0.0,0.0,0.0,0.0,0.0,0.0,0.0,0.0
39,6,1140000,285,0.0,-34.44282,-161.21098,16.37992,-7.49649,-7.87475,-7.90816,-6.89692,-5.27473,-4.62214,-2.89025,-0.92513,-1.31452,-0.94305,0.0,0.0,0.0,0.0,0.0,0.0,0.0,0.0
40,6,1140000,290,0.0,-481.88427,-3511.57021,-2801.67501,-118.86302,-493.35987,-262.06092,-202.24293,-371.4857,-290.91065,-251.89936,-272.15585,-215.74152,-151.661,0.0,0.0,0.0,0.0,0.0,0.0,0.0,0.0
41,6,1140000,176,0.0,-258.18587,-1056.7325,-417.65418,-250.24233,-121.55603,-112.2533,-117.08677,-117.08677,-85.39797,-98.8636,-82.17669,-56.07956,-7.66387,0.0,0.0,0.0,0.0,0.0,0.0,0.0,0.0
42,6,1140000,304,0.0,-237.8805,-693.30601,-370.01196,-136.77201,-167.68768,-115.67591,-115.56585,-85.02107,-80.95849,-58.51975,-54.59795,-32.86598,-12.58412,0.0,0.0,0.0,0.0,0.0,0.0,0.0,0.0
43,6,1140000,178,0.0,-137.07784,-35.79432,0.0,0.0,0.0,0.0,0.0,0.0,0.0,0.0,0.0,0.0,0.0,0.0,0.0,0.0,0.0,0.0,0.0,0.0,0.0
44,6,1140000,305,0.0,-145.95924,-12.41128,0.0,0.0,0.0,0.0,0.0,0.0,0.0,0.0,0.0,0.0,0.0,0.0,0.0,0.0,0.0,0.0,0.0,0.0,0.0
45,6,1140000,190,0.0,-53.20239,-351.41228,-84.03442,-61.85887,-49.492,-45.02614,-15.27937,-33.40826,-28.95241,-20.13204,-17.07403,-17.20167,-11.27363,0.0,0.0,0.0,0.0,0.0,0.0,0.0,0.0
46,6,1140000,169,0.0,-339.5,-2642.19161,-714.44274,-636.40336,-503.09387,-451.41303,-257.52302,-204.74531,-192.32787,-168.33303,-153.61754,-105.03459,-78.44655,0.0,0.0,0.0,0.0,0.0,0.0,0.0,0.0
47,6,1140000,172,0.0,-311.78605,-960.05423,-405.3011,-326.05963,-9.05788,-8.82016,-98.46711,-121.58653,-121.58653,-113.24466,-119.88463,-109.13348,-50.15468,0.0,0.0,0.0,0.0,0.0,0.0,0.0,0.0
48,6,1140000,225,0.0,-26.59879,-59.8343,-10.93904,-19.50258,-8.57092,-5.58506,-2.86479,-2.91761,-1.85501,-1.23907,-0.9932,-1.13144,-0.48916,0.0,0.0,0.0,0.0,0.0,0.0,0.0,0.0
49,6,1140000,309,0.0,-818.17268,-3941.12014,43.06068,-370.88632,-990.69131,-462.19747,-429.94713,-361.06985,-257.95685,-258.44028,-282.24592,-298.64348,-326.14455,0.0,0.0,0.0,0.0,0.0,0.0,0.0,0.0
50,6,1140000,145,0.0,-258.65799,-682.34914,-460.4265,-177.18314,-127.28286,-127.62507,-120.07442,-67.64832,-46.2827,-55.70018,-41.265,-23.43207,-12.85108,0.0,0.0,0.0,0.0,0.0,0.0,0.0,0.0
51,6,1140000,310,0.0,-105.12915,-166.07962,25.48339,-10.57841,-22.34093,-13.50082,-12.90014,-0.63844,4.83133,2.36132,-1.09839,-1.19092,-1.02557,0.0,0.0,0.0,0.0,0.0,0.0,0.0,0.0
52,6,1140000,315,0.0,-462.89437,-1424.54574,-438.14332,-271.62665,-242.04207,-220.31521,-164.2833,-142.87675,-154.9964,-146.64531,-116.75597,-92.54336,-30.04552,0.0,0.0,0.0,0.0,0.0,0.0,0.0,0.0
53,6,1140000,311,0.0,-530.83807,-2160.75539,-307.06477,-273.93154,-216.43398,-172.65921,-134.53619,-83.24333,-90.89368,-94.30726,-74.82268,-71.316,-28.86272,0.0,0.0,0.0,0.0,0.0,0.0,0.0,0.0
54,6,1140000,312,0.0,-501.65706,-1246.17049,-558.32339,-303.96245,-229.28223,-193.65978,-162.66159,-134.3777,-150.64516,-148.39961,-121.51316,-51.78091,-11.67233,0.0,0.0,0.0,0.0,0.0,0.0,0.0,0.0
55,6,1140000,192,0.0,-313.72712,-1544.48097,-156.78631,-124.63773,-83.32923,-56.23557,-46.84075,-36.72163,-13.82128,-24.04154,-22.69968,-23.63247,-16.99182,0.0,0.0,0.0,0.0,0.0,0.0,0.0,0.0
56,6,1140000,117,0.0,-786.57197,-2388.30108,-1226.17741,-1147.34442,-946.40046,-870.18187,-825.99662,-678.78004,-555.009,-510.52093,-426.33673,-347.21703,-173.75382,0.0,0.0,0.0,0.0,0.0,0.0,0.0,0.0
57,6,1140000,118,0.0,-689.74053,-974.12657,-661.11889,-594.88786,-495.31609,-460.85838,-436.52335,-295.36659,-207.39133,-195.92809,-170.36297,-111.32555,-67.36107,0.0,0.0,0.0,0.0,0.0,0.0,0.0,0.0
58,6,1140000,139,0.0,-129.0198,-739.38212,-56.53422,-37.88022,-23.41733,-16.34769,-17.11935,-12.64764,-6.0474,-3.11647,-4.8019,-13.83447,-8.36466,0.0,0.0,0.0,0.0,0.0,0.0,0.0,0.0
59,6,1140000,119,0.0,-673.27063,-689.19904,-485.11488,-417.5377,-314.01892,-296.59669,-296.59669,-225.07536,-234.06393,-201.17236,-207.44143,-171.39397,-105.66462,0.0,0.0,0.0,0.0,0.0,0.0,0.0,0.0
60,6,1140000,120,0.0,-412.95055,-2100.72704,-1089.33997,-581.8126,-511.14456,-270.86907,-255.14523,-209.26177,-131.45094,-90.04981,-43.98867,-55.62665,-62.54924,0.0,0.0,0.0,0.0,0.0,0.0,0.0,0.0
61,6,1140000,121,0.0,-496.08604,-2280.00436,-1347.34276,-263.34288,-301.92243,-77.53757,-60.57276,-62.8254,-115.08434,-113.34037,-63.05333,-67.96806,-72.12111,0.0,0.0,0.0,0.0,0.0,0.0,0.0,0.0
62,6,1140000,122,0.0,-429.07209,-1088.58323,-1106.1242,-209.9114,-145.77925,-178.00147,-146.55528,-79.09837,-54.27174,-34.92729,-35.40164,-33.9971,2.40765,0.0,0.0,0.0,0.0,0.0,0.0,0.0,0.0
63,6,1140000,94,0.0,-119.03631,-46.69205,-102.07491,39.48162,-254.48428,-9.87361,-20.77714,-12.41129,-8.21082,-10.92983,-5.24788,-5.25729,-0.56863,0.0,0.0,0.0,0.0,0.0,0.0,0.0,0.0
64,6,1140000,95,0.0,-124.5106,-106.18898,-82.72239,25.75661,-145.51574,-27.72366,-27.65345,-22.93923,-20.39769,-20.60151,-13.2781,-13.57301,-5.94655,0.0,0.0,0.0,0.0,0.0,0.0,0.0,0.0
65,6,1140000,101,0.0,-202.29512,-472.32241,-142.41287,-139.82871,-134.33862,-125.11131,-127.11163,-115.37151,-87.03726,-92.24685,-97.9755,-109.22498,-72.38501,0.0,0.0,0.0,0.0,0.0,0.0,0.0,0.0
66,6,1140000,103,0.0,-54.64677,-32.76537,-88.11222,27.90964,-60.75632,-10.57411,-102.70601,-9.17172,-6.24654,-8.77021,-2.10759,-2.91993,-1.5062,0.0,0.0,0.0,0.0,0.0,0.0,0.0,0.0
67,6,1140000,98,0.0,-60.05803,-224.64187,-251.09715,-85.68005,-359.62612,-113.93593,-101.40401,-65.38095,-42.57054,-34.1473,-28.11573,-17.82358,-2.48771,0.0,0.0,0.0,0.0,0.0,0.0,0.0,0.0
68,6,1140000,99,0.0,-26.97308,-194.36309,-213.80903,-213.80903,-185.13758,-176.32508,-195.3853,-124.41616,-98.56159,-68.98423,-42.0488,-53.67531,-41.59187,0.0,0.0,0.0,0.0,0.0,0.0,0.0,0.0
69,6,1140000,111,0.0,-248.44883,-509.96738,-67.41439,-42.24736,-26.95176,-20.14885,-28.05173,-18.34062,-4.34376,-15.38728,-34.08412,-43.52646,-26.64397,0.0,0.0,0.0,0.0,0.0,0.0,0.0,0.0
70,6,1140000,112,0.0,-208.09611,-184.37807,-126.60787,-169.45659,-57.99781,-57.99781,-57.99781,-58.01859,-51.4939,-50.57917,-32.37897,-16.78077,-22.24576,0.0,0.0,0.0,0.0,0.0,0.0,0.0,0.0
71,6,1140000,123,0.0,-384.88966,-1183.19429,-675.28645,-159.42486,-81.29644,-65.6338,-92.88987,-61.1203,-44.22462,-32.76759,-22.105,-29.46133,-8.36149,0.0,0.0,0.0,0.0,0.0,0.0,0.0,0.0
72,6,1140000,124,0.0,-345.5857,-1329.13514,-240.43645,-210.09748,-200.81962,-141.97453,-159.11781,-139.04557,-72.87107,-59.1761,-47.62384,-45.57387,-16.11084,0.0,0.0,0.0,0.0,0.0,0.0,0.0,0.0
73,6,1140000,126,0.0,-18818.73195,-41670.61931,-6353.29759,-396.12333,-341.24275,-314.23413,-285.10269,-244.38621,-225.68985,-209.99399,48.74612,-594.87973,-442.95749,0.0,0.0,0.0,0.0,0.0,0.0,0.0,0.0
74,6,1140000,127,0.0,-18678.89893,-46547.325,4224.2318,-1896.9517,932.7978,-1140.07575,-1115.35921,-1082.49061,-1069.94505,-1071.67422,-786.50225,-1008.73286,-627.73358,0.0,0.0,0.0,0.0,0.0,0.0,0.0,0.0
75,6,1140000,129,0.0,-18592.38453,-25029.06126,-11348.29741,-1213.01864,-1213.01864,-1214.3483,-1204.62898,-1205.87716,-1207.24477,-1192.80054,-1100.69606,-835.92143,-432.99541,0.0,0.0,0.0,0.0,0.0,0.0,0.0,0.0
76,6,1140000,130,0.0,-32.4109,-149.20971,-45.8828,-14.56159,-17.43493,-6.9793,-5.85654,-4.44046,-0.64528,1.15938,1.34466,0.84461,0.86718,0.0,0.0,0.0,0.0,0.0,0.0,0.0,0.0
77,6,1140000,133,0.0,-43.31659,-3.27851,0.0,0.0,0.0,0.0,0.0,0.0,0.0,0.0,0.0,0.0,0.0,0.0,0.0,0.0,0.0,0.0,0.0,0.0,0.0
78,6,1140000,185,0.0,-25.87787,-258.78195,-15.15512,-12.54346,-8.37273,-4.78117,-3.0298,-0.16207,0.41692,-0.68753,0.44013,-1.46656,-0.82489,0.0,0.0,0.0,0.0,0.0,0.0,0.0,0.0
79,6,1140000,135,0.0,-130.61545,-412.35719,-219.08325,-156.97398,-82.73428,-66.61068,-58.36545,-40.67224,-29.1319,-30.75927,-19.56591,-18.24446,-14.19629,0.0,0.0,0.0,0.0,0.0,0.0,0.0,0.0
80,6,1140000,143,0.0,-54.30122,-548.62102,122.26454,-119.64609,17.08645,-19.98464,-27.84178,-5.83776,-0.37398,1.31354,1.68885,3.69113,4.1739,0.0,0.0,0.0,0.0,0.0,0.0,0.0,0.0
81,6,1140000,144,0.0,-23.57865,-139.29185,-15.34963,-40.59298,-8.43027,-6.91518,-5.50839,-2.81844,-0.96312,-2.55027,-3.28534,-2.24097,-1.84925,0.0,0.0,0.0,0.0,0.0,0.0,0.0,0.0
82,6,1140000,193,0.0,-189.53797,-580.36375,-516.96237,-92.20946,-132.0953,-45.70156,-75.17595,-56.19272,-40.44659,-39.27118,-39.13292,-27.92464,-11.37294,0.0,0.0,0.0,0.0,0.0,0.0,0.0,0.0
83,6,1140000,217,0.0,-202.54818,-959.99508,-125.06972,-91.20808,-49.35924,-33.15675,-26.42934,-28.67853,-15.06481,-30.52661,-25.33881,-14.23732,-8.37467,0.0,0.0,0.0,0.0,0.0,0.0,0.0,0.0
84,6,1140000,279,0.0,-33.71208,17.36166,-7.4266,-2.26434,-2.21762,-1.13898,-2.44187,-3.57981,-2.17298,-5.36722,-0.60325,-0.06632,-0.32417,0.0,0.0,0.0,0.0,0.0,0.0,0.0,0.0
85,6,1140000,148,0.0,-256.59555,-1835.71253,10.75015,-200.36794,-161.33671,-119.50355,-123.62201,-58.52238,-48.66845,-40.39629,-21.74055,-20.66686,-9.7812,0.0,0.0,0.0,0.0,0.0,0.0,0.0,0.0
86,6,1140000,7,0.0,-791.85048,-5528.44024,-662.49187,-443.14564,-912.46592,-456.87575,59.88796,-371.99328,-382.76712,-327.36043,-296.05216,-267.71337,-215.46813,0.0,0.0,0.0,0.0,0.0,0.0,0.0,0.0
87,6,1140000,283,0.0,-189.83333,-538.04064,-207.21134,-51.19776,-74.37117,-46.58821,-36.29865,-27.58494,-24.70293,-28.67676,-21.12735,-8.86533,-4.70265,0.0,0.0,0.0,0.0,0.0,0.0,0.0,0.0
88,6,1140000,46,0.0,-259.48825,-725.78083,-327.30076,-337.20852,-201.06452,-186.85747,-158.98603,-114.91559,-107.3224,-86.71734,-66.19461,-29.32581,-4.94939,0.0,0.0,0.0,0.0,0.0,0.0,0.0,0.0
89,6,1140000,33,0.0,-513.91255,-3466.28262,-583.24783,-1355.37684,-403.31839,-164.58083,-511.331,-410.94639,-360.67202,-419.7763,-351.25169,-346.85036,-180.87436,0.0,0.0,0.0,0.0,0.0,0.0,0.0,0.0
90,6,1140000,275,0.0,-72.45922,-172.49856,25.55115,-20.48876,-16.75207,-17.6379,-11.3357,-12.59254,-10.35782,-7.45988,-4.39448,-4.78849,-4.22349,0.0,0.0,0.0,0.0,0.0,0.0,0.0,0.0
91,6,1140000,1,0.0,-994.28167,-7500.94147,-593.01639,-234.7624,-1006.20519,-358.77898,-315.1392,-173.24538,-49.40367,-16.10618,-80.44006,-233.17753,-211.7195,0.0,0.0,0.0,0.0,0.0,0.0,0.0,0.0
92,6,1140000,18,0.0,-492.32857,-1830.88606,-894.3891,-326.38061,-272.5327,-293.3609,-266.75383,-202.56113,-101.94146,-47.98855,-38.00974,-53.27239,-41.70584,0.0,0.0,0.0,0.0,0.0,0.0,0.0,0.0
93,6,1140000,2,0.0,-967.62792,-1.57823,0.0,0.0,0.0,0.0,0.0,0.0,0.0,0.0,0.0,0.0,0.0,0.0,0.0,0.0,0.0,0.0,0.0,0.0,0.0
94,6,1140000,6,0.0,-893.04874,-8403.85603,-3163.18051,-373.3513,-238.31957,-115.73108,-83.69713,-108.44131,-9.55618,56.0876,34.07307,-39.46041,-17.8606,0.0,0.0,0.0,0.0,0.0,0.0,0.0,0.0
95,6,1140000,17,0.0,-559.4382,-3939.03331,-650.61186,-441.51385,-300.03423,-287.09771,-346.75012,-228.18172,-200.59395,-174.44378,-154.19635,-127.30216,-111.37074,0.0,0.0,0.0,0.0,0.0,0.0,0.0,0.0
96,6,1140000,8,0.0,-748.03738,-2941.95913,-53.25197,-391.51901,-137.35747,-151.42393,-76.52249,10.1082,-10.55298,11.42028,-26.81212,-37.51514,-24.32034,0.0,0.0,0.0,0.0,0.0,0.0,0.0,0.0
97,6,1140000,43,0.0,-448.29674,-2078.06434,-602.32256,-516.25387,-265.26294,-213.48738,-30.08079,-128.55448,-128.55448,-132.41883,-110.98606,-80.43035,-17.96174,0.0,0.0,0.0,0.0,0.0,0.0,0.0,0.0
98,6,1140000,9,0.0,-682.91412,-791.90233,-427.3047,-254.41438,-105.76325,-109.32361,-109.32361,-101.56427,-101.56427,-72.07334,-44.32855,-41.31171,-21.85304,0.0,0.0,0.0,0.0,0.0,0.0,0.0,0.0
99,6,1140000,10,0.0,-631.17053,-755.38527,-318.55706,-259.87843,-138.30075,-149.52755,-79.38674,-79.38674,-72.19965,-54.13438,-11.9438,-16.95243,-10.68792,0.0,0.0,0.0,0.0,0.0,0.0,0.0,0.0
100,6,1140000,12,0.0,-583.69549,-3293.07048,676.5992,-124.00347,-123.05242,-136.66082,-121.82742,-80.95504,-67.18097,3.49562,-20.60966,-37.37395,-25.0562,0.0,0.0,0.0,0.0,0.0,0.0,0.0,0.0
101,6,1140000,37,0.0,-648.28977,-1466.81095,-572.73676,-898.64076,-99.54982,-50.42362,-160.76794,-108.90619,-67.14725,-102.25368,-52.69496,-27.85965,-2.63704,0.0,0.0,0.0,0.0,0.0,0.0,0.0,0.0
102,6,1140000,14,0.0,-794.09323,-4256.42474,-2385.62042,-412.37524,-308.78286,-219.88169,-301.68342,-291.45591,-177.103,-98.52291,34.47775,-41.79207,-37.82224,0.0,0.0,0.0,0.0,0.0,0.0,0.0,0.0
103,6,1140000,15,0.0,-675.68179,-1768.29853,-1770.863,-265.78581,-81.08187,15.74885,-151.66175,-146.13018,-89.53793,-57.75024,0.88572,-31.14205,-4.89876,0.0,0.0,0.0,0.0,0.0,0.0,0.0,0.0
104,6,1140000,16,0.0,-585.8561,-48.19317,-46.76259,-46.76259,-52.33984,-75.7104,-74.51599,0.0,0.0,0.0,0.0,0.0,0.0,0.0,0.0,0.0,0.0,0.0,0.0,0.0,0.0
105,6,1140000,34,0.0,-433.75585,-1389.89452,-1064.20795,-410.07258,-257.66112,-193.72928,-169.28019,-106.542,-40.41265,-47.50776,-43.48721,3.26456,2.94423,0.0,0.0,0.0,0.0,0.0,0.0,0.0,0.0
106,6,1140000,24,0.0,-797.43781,-3304.58994,-1674.46405,-764.43402,-552.09866,-461.98932,-403.7353,-241.96243,-168.75725,-137.24883,-91.5469,-82.09807,-54.58312,0.0,0.0,0.0,0.0,0.0,0.0,0.0,0.0
107,6,1140000,25,0.0,-1193.24204,-6479.68179,-2974.38005,-913.09712,-824.8209,-603.06711,-469.1976,-276.8907,-156.28594,-161.48332,-75.47231,-96.47567,-115.32307,0.0,0.0,0.0,0.0,0.0,0.0,0.0,0.0
108,6,1140000,42,0.0,-484.14875,-192.09609,-690.77034,-661.05882,-31.53656,131.323,-201.55028,-192.29158,-220.69928,-157.79463,-108.76945,-88.34671,-93.02568,0.0,0.0,0.0,0.0,0.0,0.0,0.0,0.0
109,6,1140000,26,0.0,-1070.3834,-12372.64846,-5565.83283,517.37549,-493.32493,-466.95485,-917.21383,-382.58841,-202.34395,-59.99925,-102.16867,-146.02393,-192.69333,0.0,0.0,0.0,0.0,0.0,0.0,0.0,0.0
110,6,1140000,40,0.0,-558.58257,-1945.0502,-1787.68348,-476.02084,-322.43834,-348.07147,-388.96497,-324.90347,-294.32866,-228.07915,-182.04258,-147.41273,-66.97965,0.0,0.0,0.0,0.0,0.0,0.0,0.0,0.0
111,6,1140000,30,0.0,-716.18357,-5290.4394,-1348.599,-504.85874,-464.83375,-400.61924,-256.98031,-79.91892,-44.77538,-95.48325,-144.19264,-137.29753,-89.91554,0.0,0.0,0.0,0.0,0.0,0.0,0.0,0.0
112,6,1140000,31,0.0,-634.04257,-2588.53937,-2579.62463,-520.32138,-309.72668,-572.29752,-453.75454,-219.23006,-111.19139,-97.03774,1.63083,-13.4672,-19.96997,0.0,0.0,0.0,0.0,0.0,0.0,0.0,0.0
113,6,1140000,32,0.0,-546.13458,-1894.6093,-778.18169,149.38104,-220.38229,-327.96238,149.46791,-177.94743,-155.75544,-173.82442,-140.46424,-154.36639,-146.0078,0.0,0.0,0.0,0.0,0.0,0.0,0.0,0.0
114,6,1140000,38,0.0,-615.42121,-614.67156,-774.38341,-378.80834,-20.71047,-29.9879,-87.22921,-85.81071,-33.68714,-13.92229,-14.16318,-36.5408,-15.42294,0.0,0.0,0.0,0.0,0.0,0.0,0.0,0.0
115,6,1140000,39,0.0,-585.66029,-1393.66522,-41.88506,-320.57941,-600.10462,-221.45254,-240.63053,-196.66584,-102.75947,-72.49721,-41.07236,-63.37814,-22.18545,0.0,0.0,0.0,0.0,0.0,0.0,0.0,0.0
116,6,1140000,45,0.0,-385.61581,-1291.47181,-1264.34059,-535.65791,141.94671,-260.14633,-227.32914,-192.91281,-181.40374,-148.79265,-126.9331,-139.61367,-57.18366,0.0,0.0,0.0,0.0,0.0,0.0,0.0,0.0
117,6,1140000,278,0.0,-62.80643,-436.88724,-48.0292,-14.59565,-7.44488,-13.93993,-9.2203,-2.16623,-1.40602,-2.98807,-3.08426,-3.71428,-4.70711,0.0,0.0,0.0,0.0,0.0,0.0,0.0,0.0
118,6,1140000,48,0.0,-379.8026,-522.13503,-34.02181,-337.88425,-70.32263,-213.82893,-65.427,-58.90675,-53.11533,-48.11446,-32.9793,-29.4589,20.39947,0.0,0.0,0.0,0.0,0.0,0.0,0.0,0.0
119,6,1140000,63,0.0,-146.85875,-213.73131,-63.69371,-62.27285,-57.96043,-57.1133,-60.24006,-58.95889,-39.14299,-27.80775,-23.94414,-16.785,-12.57255,0.0,0.0,0.0,0.0,0.0,0.0,0.0,0.0
120,6,1140000,49,0.0,-337.53221,-1009.05497,-297.6355,-224.97451,-153.3799,-163.07405,-139.68992,-80.80511,-66.64335,-95.46012,-81.27576,-61.69479,-36.39102,0.0,0.0,0.0,0.0,0.0,0.0,0.0,0.0
121,6,1140000,50,0.0,-265.29112,-548.50764,-464.18522,-574.64384,-16.64553,-5.72757,3.26203,22.67663,13.63469,-0.21293,-18.97722,-4.92646,7.69174,0.0,0.0,0.0,0.0,0.0,0.0,0.0,0.0
122,6,1140000,62,0.0,-172.72457,-293.96891,-129.94625,-295.90832,-229.14441,-102.55186,-69.31348,-70.83553,-62.80506,-49.22464,-51.67957,-36.94775,-10.8461,0.0,0.0,0.0,0.0,0.0,0.0,0.0,0.0
123,6,1140000,53,0.0,-351.49345,-3.62405,0.0,0.0,0.0,0.0,0.0,0.0,0.0,0.0,0.0,0.0,0.0,0.0,0.0,0.0,0.0,0.0,0.0,0.0,0.0
124,6,1140000,47,0.0,-589.11413,-2322.94049,307.94772,-722.89471,-150.90989,-659.12855,-145.42975,-52.24483,-0.84375,-77.13805,-25.38016,-32.18302,21.1578,0.0,0.0,0.0,0.0,0.0,0.0,0.0,0.0
125,6,1140000,52,0.0,-235.37688,-572.7906,-221.67873,-89.12793,-69.63131,-66.43147,-49.96239,-39.72735,-27.09943,-45.59421,-45.49842,-19.0502,-11.76285,0.0,0.0,0.0,0.0,0.0,0.0,0.0,0.0
126,6,1140000,61,0.0,-218.90339,-708.58511,-221.16469,-191.79558,-147.1414,-152.6648,-106.11685,-76.82247,-64.12195,-74.83721,-65.75994,-61.84796,-40.98925,0.0,0.0,0.0,0.0,0.0,0.0,0.0,0.0
127,6,1140000,51,0.0,-250.14212,-588.0467,-343.78531,-65.85547,-42.9217,-50.12832,-49.32107,-31.84726,-21.7865,-34.2226,-41.01455,-21.20857,-14.11795,0.0,0.0,0.0,0.0,0.0,0.0,0.0,0.0
128,6,1140000,74,0.0,-500.98647,-711.68109,-136.63051,-143.80331,-124.03206,-126.37169,-120.80964,-96.65102,-95.30866,-96.36201,-78.3272,-101.40877,-53.8105,0.0,0.0,0.0,0.0,0.0,0.0,0.0,125.125701554
129,6,1140000,57,0.0,-474.95354,-740.35843,-80.0497,-73.46065,-58.9913,-66.40681,-56.51438,-42.12829,-33.77996,-35.88275,-21.64998,-5.66536,-22.88773,0.0,0.0,0.0,0.0,0.0,0.0,0.0,0.0
130,6,1140000,71,0.0,-1042.61066,-577.09342,-565.92266,-152.70976,-137.95239,-121.73264,-118.41961,-114.70053,-117.99806,-119.44158,-94.2584,-78.63705,-88.29264,0.0,0.0,0.0,0.0,0.0,0.0,0.0,0.0
131,6,1140000,91,0.0,-275.84956,-202.82821,-264.49598,144.0199,-367.71863,-59.61074,-52.06385,-46.76406,-41.12444,-39.60597,-34.97192,-32.16288,-13.60056,0.0,0.0,0.0,0.0,0.0,0.0,0.0,0.0
132,6,1140000,72,0.0,-650.32807,-551.54781,-145.83444,-131.41792,-126.48247,-114.073,-113.88157,-99.28044,-93.28614,-89.11843,-61.53119,-58.39668,-52.03668,0.0,0.0,0.0,0.0,0.0,0.0,0.0,0.0
133,6,1140000,83,0.0,-16.7123,-23.70362,-6.5674,-6.28386,-5.67761,-5.58272,-5.26134,-4.5906,-4.315,-4.19847,-3.25638,-3.6265,-2.30415,0.0,0.0,0.0,0.0,0.0,0.0,0.0,0.0
134,6,1140000,102,0.0,-183.30866,-213.40681,-419.09671,-778.01688,-98.57183,-102.08045,-90.44136,-90.13693,-54.5728,-67.59413,-74.47665,-69.5377,-11.96905,0.0,0.0,0.0,0.0,0.0,0.0,0.0,0.0
135,6,1140000,86,0.0,-312.88844,-154.13799,-48.23113,-54.57285,-48.39936,-56.50893,-27.00788,-16.61412,-19.56432,-28.09524,-25.55913,-33.35376,-26.26461,0.0,0.0,0.0,0.0,0.0,0.0,0.0,0.0
136,6,1140000,110,0.0,-246.14084,-389.57437,-73.82107,-69.4897,-235.61674,-424.00698,-13.18762,-0.24466,24.29244,-8.07502,6.36682,0.95138,-27.2731,0.0,0.0,0.0,0.0,0.0,0.0,0.0,0.0
137,6,1140000,97,0.0,-108.44773,-276.31424,-163.91347,-143.31049,-78.92917,-111.1879,-89.75716,-143.45565,-171.18762,-110.78498,-62.76427,-59.66587,-26.62635,0.0,0.0,0.0,0.0,0.0,0.0,0.0,0.0
138,6,1140000,73,0.0,-258.58904,-614.29139,-59.37995,-49.88538,-49.33678,-60.26294,-44.63092,-38.39978,-27.39227,-29.83043,-15.2393,-4.2576,-15.34972,0.0,0.0,0.0,0.0,0.0,0.0,0.0,0.0
139,6,1140000,88,0.0,-1073.05094,-828.34917,-1016.76641,869.51103,-1669.69395,-141.10727,-121.27072,-122.26426,-103.63748,-99.10165,-80.45194,-87.68087,-39.65278,0.0,0.0,0.0,0.0,0.0,0.0,0.0,0.0
140,6,1140000,115,0.0,-806.05271,-2050.77458,-448.74998,-461.89745,-409.41371,-308.61371,-282.87429,-226.66283,-184.75688,-165.4842,-128.6408,-148.25563,-55.92562,0.0,0.0,0.0,0.0,0.0,0.0,0.0,0.0
141,6,1140000,89,0.0,-923.08593,-670.60522,-192.43837,-201.5809,-176.8544,-151.9018,-128.49646,-81.87061,-88.843,-100.10368,-58.55038,-43.50053,-41.4277,0.0,0.0,0.0,0.0,0.0,0.0,0.0,0.0
142,6,1140000,90,0.0,-473.86453,-318.09768,-343.96525,80.93667,-748.73922,-129.53138,-125.85716,-99.17989,-90.65939,-110.98599,-34.73377,-38.14241,-16.27616,0.0,0.0,0.0,0.0,0.0,0.0,0.0,0.0
143,6,1140000,92,0.0,-164.50586,-90.9456,-153.35949,76.97108,-197.5907,-27.70471,-21.34735,-20.08092,-18.68431,-16.33619,-18.46395,-15.499,-7.32649,0.0,0.0,0.0,0.0,0.0,0.0,0.0,0.0
144,6,1140000,93,0.0,-386.53217,-276.39413,-46.76325,-37.31947,-35.97964,-21.11388,-50.88822,-41.78577,-37.16356,-54.07524,-60.8834,-64.03565,-34.60892,0.0,0.0,0.0,0.0,0.0,0.0,0.0,0.0
145,6,1140000,113,0.0,-126.01662,-332.16116,-23.86289,-14.33695,-3.59796,-0.04272,-0.65865,-4.28295,-0.23523,-12.50521,-26.8837,-22.45373,-19.54455,0.0,0.0,0.0,0.0,0.0,0.0,0.0,0.0
146,6,1140000,215,0.0,-202.2136,-281.13921,-249.88505,38.18195,-275.19673,-51.16369,-47.01505,-40.51162,-32.72505,-33.21311,-22.43821,-19.7502,-7.50421,0.0,0.0,0.0,0.0,0.0,0.0,0.0,0.0
147,6,1140000,82,0.0,-83.61686,-67.7302,-80.56121,-24.94752,-21.71021,-22.1224,-19.80787,-17.67274,-16.20196,-14.02817,-7.57151,-6.78478,-5.48853,0.0,0.0,0.0,0.0,0.0,0.0,0.0,0.0
148,6,1140000,78,0.0,-152.61359,-171.37011,-41.88702,-35.161,-31.03387,-25.82396,-24.97151,-21.37599,-19.65427,-20.46164,-9.43004,-12.14871,-14.70642,0.0,0.0,0.0,0.0,0.0,0.0,0.0,0.0
149,6,1140000,76,0.0,-370.75822,-817.5286,-294.17297,-28.33846,-611.27325,-188.40303,-172.25151,-149.38118,-135.72742,-112.11094,-61.51445,-60.2995,-36.04008,0.0,0.0,0.0,0.0,0.0,0.0,0.0,0.0
150,6,1140000,77,0.0,-261.30635,-400.06794,-176.98126,-445.67336,-71.34112,-52.22756,-44.40034,-39.94546,-35.98457,-37.60092,-11.26841,-26.07274,-17.84805,0.0,0.0,0.0,0.0,0.0,0.0,0.0,0.0
151,6,1140000,154,0.0,-89.86964,-925.55006,-110.26283,-95.49341,-70.26786,-67.43668,-65.31078,-37.15154,-21.03332,-12.05385,-4.23688,-4.7946,-3.60396,0.0,0.0,0.0,0.0,0.0,0.0,0.0,0.0
152,6,1140000,267,0.0,-100.01888,-549.087,138.75373,-1.07663,-16.58223,-15.42389,-12.04606,-11.67461,-9.98821,-9.27227,-7.05187,-5.77517,-4.80834,0.0,0.0,0.0,0.0,0.0,0.0,0.0,0.0
153,6,1140000,284,0.0,-17.01425,-41.74822,-8.81701,-1.31151,-2.4146,-6.83885,3.0234,0.33689,1.00277,1.34613,1.54058,1.16131,-0.0327,0.0,0.0,0.0,0.0,0.0,0.0,0.0,0.0
154,6,1140000,277,0.0,-24.78977,-20.94951,-33.82522,13.5794,-7.79951,-6.73675,-6.64646,-7.77448,-8.66641,-6.49209,-2.43883,-0.22777,-0.20249,0.0,0.0,0.0,0.0,0.0,0.0,0.0,0.0
155,6,1140000,280,0.0,-16.98489,-4.72378,-5.63701,-3.76986,-3.39908,-3.32279,-4.05935,-3.54698,0.0,0.0,0.0,0.0,0.0,0.0,0.0,0.0,0.0,0.0,0.0,0.0,0.0
156,6,1140000,286,0.0,-1.66784,-20.09992,-7.07382,-7.33354,-6.95895,-7.27199,-7.62004,-6.94467,-6.1868,-3.92424,-3.19256,-2.0571,-0.90376,0.0,0.0,0.0,0.0,0.0,0.0,0.0,0.0
157,6,1140000,314,0.0,-14.07808,-0.6354,-0.24681,-0.24681,-0.24681,0.0,0.0,0.0,0.0,0.0,0.0,0.0,0.0,0.0,0.0,0.0,0.0,0.0,0.0,0.0,0.0
158,6,1140000,272,0.0,-6.97493,-29.92681,-10.43502,-5.89226,-5.70088,-5.71623,-5.79817,-6.18741,-4.759,-4.50844,-3.77653,-3.57881,-1.71532,0.0,0.0,0.0,0.0,0.0,0.0,0.0,0.0
159,6,1140000,288,0.0,-99.95834,-53.50875,-52.83271,-29.05715,-29.05715,-26.66589,-23.73064,-23.12247,-19.16332,-20.58734,-18.02577,-15.83861,-14.38927,0.0,0.0,0.0,0.0,0.0,0.0,0.0,0.0
